--
-- PostgreSQL database dump
--

-- Dumped from database version 12.17 (Ubuntu 12.17-1.pgdg22.04+1)
-- Dumped by pg_dump version 12.17 (Ubuntu 12.17-1.pgdg22.04+1)

SET statement_timeout = 0;
SET lock_timeout = 0;
SET idle_in_transaction_session_timeout = 0;
SET client_encoding = 'UTF8';
SET standard_conforming_strings = on;
SELECT pg_catalog.set_config('search_path', '', false);
SET check_function_bodies = false;
SET xmloption = content;
SET client_min_messages = warning;
SET row_security = off;

DROP DATABASE universe;
--
-- Name: universe; Type: DATABASE; Schema: -; Owner: freecodecamp
--

CREATE DATABASE universe WITH TEMPLATE = template0 ENCODING = 'UTF8' LC_COLLATE = 'C.UTF-8' LC_CTYPE = 'C.UTF-8';


ALTER DATABASE universe OWNER TO freecodecamp;

\connect universe

SET statement_timeout = 0;
SET lock_timeout = 0;
SET idle_in_transaction_session_timeout = 0;
SET client_encoding = 'UTF8';
SET standard_conforming_strings = on;
SELECT pg_catalog.set_config('search_path', '', false);
SET check_function_bodies = false;
SET xmloption = content;
SET client_min_messages = warning;
SET row_security = off;

SET default_tablespace = '';

SET default_table_access_method = heap;

--
-- Name: galaxy; Type: TABLE; Schema: public; Owner: freecodecamp
--

CREATE TABLE public.galaxy (
    galaxy_id integer NOT NULL,
    name character varying(30) NOT NULL,
    description text,
    galaxy_types text,
    age_in_millions_of_years integer
);


ALTER TABLE public.galaxy OWNER TO freecodecamp;

--
-- Name: galaxy_galaxy_id_seq; Type: SEQUENCE; Schema: public; Owner: freecodecamp
--

CREATE SEQUENCE public.galaxy_galaxy_id_seq
    AS integer
    START WITH 1
    INCREMENT BY 1
    NO MINVALUE
    NO MAXVALUE
    CACHE 1;


ALTER TABLE public.galaxy_galaxy_id_seq OWNER TO freecodecamp;

--
-- Name: galaxy_galaxy_id_seq; Type: SEQUENCE OWNED BY; Schema: public; Owner: freecodecamp
--

ALTER SEQUENCE public.galaxy_galaxy_id_seq OWNED BY public.galaxy.galaxy_id;


--
-- Name: meteor; Type: TABLE; Schema: public; Owner: freecodecamp
--

CREATE TABLE public.meteor (
    meteor_id integer NOT NULL,
    name character varying(30) NOT NULL,
    description text
);


ALTER TABLE public.meteor OWNER TO freecodecamp;

--
-- Name: meteor_meteor_id_seq; Type: SEQUENCE; Schema: public; Owner: freecodecamp
--

CREATE SEQUENCE public.meteor_meteor_id_seq
    AS integer
    START WITH 1
    INCREMENT BY 1
    NO MINVALUE
    NO MAXVALUE
    CACHE 1;


ALTER TABLE public.meteor_meteor_id_seq OWNER TO freecodecamp;

--
-- Name: meteor_meteor_id_seq; Type: SEQUENCE OWNED BY; Schema: public; Owner: freecodecamp
--

ALTER SEQUENCE public.meteor_meteor_id_seq OWNED BY public.meteor.meteor_id;


--
-- Name: moon; Type: TABLE; Schema: public; Owner: freecodecamp
--

CREATE TABLE public.moon (
    moon_id integer NOT NULL,
    name character varying(30) NOT NULL,
    distance_from_earth numeric(10,1),
    planet_id integer NOT NULL,
    description text
);


ALTER TABLE public.moon OWNER TO freecodecamp;

--
-- Name: moon_moon_id_seq; Type: SEQUENCE; Schema: public; Owner: freecodecamp
--

CREATE SEQUENCE public.moon_moon_id_seq
    AS integer
    START WITH 1
    INCREMENT BY 1
    NO MINVALUE
    NO MAXVALUE
    CACHE 1;


ALTER TABLE public.moon_moon_id_seq OWNER TO freecodecamp;

--
-- Name: moon_moon_id_seq; Type: SEQUENCE OWNED BY; Schema: public; Owner: freecodecamp
--

ALTER SEQUENCE public.moon_moon_id_seq OWNED BY public.moon.moon_id;


--
-- Name: planet; Type: TABLE; Schema: public; Owner: freecodecamp
--

CREATE TABLE public.planet (
    planet_id integer NOT NULL,
    name character varying(30) NOT NULL,
    age_in_millions_years integer,
    has_life boolean,
    star_id integer NOT NULL,
    description text,
    is_spherical boolean
);


ALTER TABLE public.planet OWNER TO freecodecamp;

--
-- Name: planet_planet_id_seq; Type: SEQUENCE; Schema: public; Owner: freecodecamp
--

CREATE SEQUENCE public.planet_planet_id_seq
    AS integer
    START WITH 1
    INCREMENT BY 1
    NO MINVALUE
    NO MAXVALUE
    CACHE 1;


ALTER TABLE public.planet_planet_id_seq OWNER TO freecodecamp;

--
-- Name: planet_planet_id_seq; Type: SEQUENCE OWNED BY; Schema: public; Owner: freecodecamp
--

ALTER SEQUENCE public.planet_planet_id_seq OWNED BY public.planet.planet_id;


--
-- Name: star; Type: TABLE; Schema: public; Owner: freecodecamp
--

CREATE TABLE public.star (
    star_id integer NOT NULL,
    name character varying(30) NOT NULL,
    age_in_millions_years integer,
    galaxy_id integer NOT NULL,
    description text
);


ALTER TABLE public.star OWNER TO freecodecamp;

--
-- Name: star_star_id_seq; Type: SEQUENCE; Schema: public; Owner: freecodecamp
--

CREATE SEQUENCE public.star_star_id_seq
    AS integer
    START WITH 1
    INCREMENT BY 1
    NO MINVALUE
    NO MAXVALUE
    CACHE 1;


ALTER TABLE public.star_star_id_seq OWNER TO freecodecamp;

--
-- Name: star_star_id_seq; Type: SEQUENCE OWNED BY; Schema: public; Owner: freecodecamp
--

ALTER SEQUENCE public.star_star_id_seq OWNED BY public.star.star_id;


--
-- Name: galaxy galaxy_id; Type: DEFAULT; Schema: public; Owner: freecodecamp
--

ALTER TABLE ONLY public.galaxy ALTER COLUMN galaxy_id SET DEFAULT nextval('public.galaxy_galaxy_id_seq'::regclass);


--
-- Name: meteor meteor_id; Type: DEFAULT; Schema: public; Owner: freecodecamp
--

ALTER TABLE ONLY public.meteor ALTER COLUMN meteor_id SET DEFAULT nextval('public.meteor_meteor_id_seq'::regclass);


--
-- Name: moon moon_id; Type: DEFAULT; Schema: public; Owner: freecodecamp
--

ALTER TABLE ONLY public.moon ALTER COLUMN moon_id SET DEFAULT nextval('public.moon_moon_id_seq'::regclass);


--
-- Name: planet planet_id; Type: DEFAULT; Schema: public; Owner: freecodecamp
--

ALTER TABLE ONLY public.planet ALTER COLUMN planet_id SET DEFAULT nextval('public.planet_planet_id_seq'::regclass);


--
-- Name: star star_id; Type: DEFAULT; Schema: public; Owner: freecodecamp
--

ALTER TABLE ONLY public.star ALTER COLUMN star_id SET DEFAULT nextval('public.star_star_id_seq'::regclass);


--
-- Data for Name: galaxy; Type: TABLE DATA; Schema: public; Owner: freecodecamp
--

INSERT INTO public.galaxy VALUES (1, 'Milky Way', NULL, NULL, NULL);
INSERT INTO public.galaxy VALUES (2, 'Andromeda', NULL, NULL, NULL);
INSERT INTO public.galaxy VALUES (3, 'Backward', NULL, NULL, NULL);
INSERT INTO public.galaxy VALUES (4, 'Condor', NULL, NULL, NULL);
INSERT INTO public.galaxy VALUES (5, 'Needle', NULL, NULL, NULL);
INSERT INTO public.galaxy VALUES (6, 'Sombrero', NULL, NULL, NULL);


--
-- Data for Name: meteor; Type: TABLE DATA; Schema: public; Owner: freecodecamp
--

INSERT INTO public.meteor VALUES (1, 'Canyon Diablo', NULL);
INSERT INTO public.meteor VALUES (2, 'Chelyabinsk', NULL);
INSERT INTO public.meteor VALUES (3, 'Hoba', NULL);


--
-- Data for Name: moon; Type: TABLE DATA; Schema: public; Owner: freecodecamp
--

INSERT INTO public.moon VALUES (1, 'Moon', NULL, 1, NULL);
INSERT INTO public.moon VALUES (2, 'Moon 21', NULL, 2, NULL);
INSERT INTO public.moon VALUES (3, 'Moon 22', NULL, 2, NULL);
INSERT INTO public.moon VALUES (4, 'Moon 31', NULL, 3, NULL);
INSERT INTO public.moon VALUES (5, 'Moon 32', NULL, 3, NULL);
INSERT INTO public.moon VALUES (6, 'Moon 41', NULL, 4, NULL);
INSERT INTO public.moon VALUES (7, 'Moon 42', NULL, 4, NULL);
INSERT INTO public.moon VALUES (8, 'Moon 51', NULL, 5, NULL);
INSERT INTO public.moon VALUES (9, 'Moon 52', NULL, 5, NULL);
INSERT INTO public.moon VALUES (10, 'Moon 61', NULL, 6, NULL);
INSERT INTO public.moon VALUES (11, 'Moon 62', NULL, 6, NULL);
INSERT INTO public.moon VALUES (12, 'Moon 71', NULL, 7, NULL);
INSERT INTO public.moon VALUES (13, 'Moon 72', NULL, 7, NULL);
INSERT INTO public.moon VALUES (14, 'Moon 81', NULL, 8, NULL);
INSERT INTO public.moon VALUES (15, 'Moon 82', NULL, 8, NULL);
INSERT INTO public.moon VALUES (16, 'Moon 91', NULL, 9, NULL);
INSERT INTO public.moon VALUES (17, 'Moon 92', NULL, 9, NULL);
INSERT INTO public.moon VALUES (18, 'Moon 111', NULL, 11, NULL);
INSERT INTO public.moon VALUES (19, 'Moon 112', NULL, 11, NULL);
INSERT INTO public.moon VALUES (20, 'Moon 121', NULL, 12, NULL);
INSERT INTO public.moon VALUES (21, 'Moon 122', NULL, 12, NULL);


--
-- Data for Name: planet; Type: TABLE DATA; Schema: public; Owner: freecodecamp
--

INSERT INTO public.planet VALUES (1, 'Earth', NULL, NULL, 5, NULL, NULL);
INSERT INTO public.planet VALUES (2, 'Saturn', NULL, NULL, 5, NULL, NULL);
INSERT INTO public.planet VALUES (3, 'Jupiter', NULL, NULL, 5, NULL, NULL);
INSERT INTO public.planet VALUES (4, 'Mars', NULL, NULL, 5, NULL, NULL);
INSERT INTO public.planet VALUES (5, 'Neptune', NULL, NULL, 5, NULL, NULL);
INSERT INTO public.planet VALUES (6, 'Venus', NULL, NULL, 5, NULL, NULL);
INSERT INTO public.planet VALUES (7, 'Uranus', NULL, NULL, 5, NULL, NULL);
INSERT INTO public.planet VALUES (8, 'Mercury', NULL, NULL, 5, NULL, NULL);
INSERT INTO public.planet VALUES (9, 'Vegeta', NULL, NULL, 2, NULL, NULL);
INSERT INTO public.planet VALUES (10, 'Namek', NULL, NULL, 3, NULL, NULL);
INSERT INTO public.planet VALUES (11, 'Fake Namek', NULL, NULL, 4, NULL, NULL);
INSERT INTO public.planet VALUES (12, 'Beehay', NULL, NULL, 5, NULL, NULL);


--
-- Data for Name: star; Type: TABLE DATA; Schema: public; Owner: freecodecamp
--

INSERT INTO public.star VALUES (2, 'VV Cephei A', NULL, 1, NULL);
INSERT INTO public.star VALUES (3, 'UY Scuti', NULL, 1, NULL);
INSERT INTO public.star VALUES (4, 'Stephenson 2-18', NULL, 1, NULL);
INSERT INTO public.star VALUES (5, 'Sun', NULL, 1, NULL);
INSERT INTO public.star VALUES (6, 'AH Scorpii', NULL, 1, NULL);
INSERT INTO public.star VALUES (7, 'Sirius', NULL, 1, NULL);


--
-- Name: galaxy_galaxy_id_seq; Type: SEQUENCE SET; Schema: public; Owner: freecodecamp
--

SELECT pg_catalog.setval('public.galaxy_galaxy_id_seq', 6, true);


--
-- Name: meteor_meteor_id_seq; Type: SEQUENCE SET; Schema: public; Owner: freecodecamp
--

SELECT pg_catalog.setval('public.meteor_meteor_id_seq', 3, true);


--
-- Name: moon_moon_id_seq; Type: SEQUENCE SET; Schema: public; Owner: freecodecamp
--

SELECT pg_catalog.setval('public.moon_moon_id_seq', 21, true);


--
-- Name: planet_planet_id_seq; Type: SEQUENCE SET; Schema: public; Owner: freecodecamp
--

SELECT pg_catalog.setval('public.planet_planet_id_seq', 12, true);


--
-- Name: star_star_id_seq; Type: SEQUENCE SET; Schema: public; Owner: freecodecamp
--

SELECT pg_catalog.setval('public.star_star_id_seq', 7, true);


--
-- Name: galaxy galaxy_id_unique; Type: CONSTRAINT; Schema: public; Owner: freecodecamp
--

ALTER TABLE ONLY public.galaxy
    ADD CONSTRAINT galaxy_id_unique UNIQUE (galaxy_id);


--
-- Name: galaxy galaxy_pkey; Type: CONSTRAINT; Schema: public; Owner: freecodecamp
--

ALTER TABLE ONLY public.galaxy
    ADD CONSTRAINT galaxy_pkey PRIMARY KEY (galaxy_id);


--
-- Name: meteor meteor_id_unique; Type: CONSTRAINT; Schema: public; Owner: freecodecamp
--

ALTER TABLE ONLY public.meteor
    ADD CONSTRAINT meteor_id_unique UNIQUE (meteor_id);


--
-- Name: meteor meteor_pkey; Type: CONSTRAINT; Schema: public; Owner: freecodecamp
--

ALTER TABLE ONLY public.meteor
    ADD CONSTRAINT meteor_pkey PRIMARY KEY (meteor_id);


--
-- Name: moon moon_id_unique; Type: CONSTRAINT; Schema: public; Owner: freecodecamp
--

ALTER TABLE ONLY public.moon
    ADD CONSTRAINT moon_id_unique UNIQUE (moon_id);


--
-- Name: moon moon_pkey; Type: CONSTRAINT; Schema: public; Owner: freecodecamp
--

ALTER TABLE ONLY public.moon
    ADD CONSTRAINT moon_pkey PRIMARY KEY (moon_id);


--
-- Name: planet planet_id_unique; Type: CONSTRAINT; Schema: public; Owner: freecodecamp
--

ALTER TABLE ONLY public.planet
    ADD CONSTRAINT planet_id_unique UNIQUE (planet_id);


--
-- Name: planet planet_pkey; Type: CONSTRAINT; Schema: public; Owner: freecodecamp
--

ALTER TABLE ONLY public.planet
    ADD CONSTRAINT planet_pkey PRIMARY KEY (planet_id);


--
-- Name: star star_id_unique; Type: CONSTRAINT; Schema: public; Owner: freecodecamp
--

ALTER TABLE ONLY public.star
    ADD CONSTRAINT star_id_unique UNIQUE (star_id);


--
-- Name: star star_pkey; Type: CONSTRAINT; Schema: public; Owner: freecodecamp
--

ALTER TABLE ONLY public.star
    ADD CONSTRAINT star_pkey PRIMARY KEY (star_id);


--
-- Name: moon moon_planet_id_fkey; Type: FK CONSTRAINT; Schema: public; Owner: freecodecamp
--

ALTER TABLE ONLY public.moon
    ADD CONSTRAINT moon_planet_id_fkey FOREIGN KEY (planet_id) REFERENCES public.planet(planet_id);


--
-- Name: planet planet_star_id_fkey; Type: FK CONSTRAINT; Schema: public; Owner: freecodecamp
--

ALTER TABLE ONLY public.planet
    ADD CONSTRAINT planet_star_id_fkey FOREIGN KEY (star_id) REFERENCES public.star(star_id);


--
-- Name: star star_galaxy_id_fkey; Type: FK CONSTRAINT; Schema: public; Owner: freecodecamp
--

ALTER TABLE ONLY public.star
    ADD CONSTRAINT star_galaxy_id_fkey FOREIGN KEY (galaxy_id) REFERENCES public.galaxy(galaxy_id);


--
-- PostgreSQL database dump complete
--

